AAA	0.43239227	0.51540583	-0.1756214
AAC	0.53444917	0.48337596	0.10044189
AAG	0.56760773	0.48459417	0.15811879
AAT	0.46555083	0.51662404	-0.10409413
ACA	0.29117384	0.32740214	-0.11726872
ACC	0.33527835	0.27841742	0.18583958
ACG	0.12632077	0.10487754	0.18603108
ACT	0.24722704	0.28930291	-0.15716717
AGA	0.24574775	0.33736074	-0.3168472
AGC	0.23224593	0.20917219	0.10463906
AGG	0.24626926	0.31241174	-0.23789651
AGT	0.14439977	0.14000577	0.030902
ATA	0.1946472	0.25811688	-0.28222382
ATC	0.45165103	0.35422078	0.24298943
ATG	1.0	1.0	0.0
ATT	0.35370177	0.38766234	-0.0916806
CAA	0.29221724	0.37386321	-0.24639248
CAC	0.55726594	0.5567029	0.00101087
CAG	0.70778276	0.62613679	0.12256835
CAT	0.44273406	0.4432971	-0.00127093
CCA	0.27159761	0.29131958	-0.07009928
CCC	0.30306629	0.27567147	0.09474173
CCG	0.14903092	0.11677696	0.24388801
CCT	0.27630519	0.316232	-0.13497011
CGA	0.09812259	0.06974737	0.3413379
CGC	0.1609034	0.10214969	0.4543649
CGG	0.18068036	0.11030912	0.4934429
CGT	0.06827664	0.06802134	0.00374621
CTA	0.0734698	0.09281971	-0.23378457
CTC	0.19880656	0.19996655	-0.00581781
CTG	0.38260694	0.28191549	0.30540085
CTT	0.13457713	0.17253874	-0.2484843
GAA	0.43000941	0.47908151	-0.10806366
GAC	0.53215148	0.49927401	0.06377312
GAG	0.56999059	0.52091849	0.09002627
GAT	0.46784852	0.50072599	-0.06791446
GCA	0.23025945	0.28826596	-0.22467681
GCC	0.35219261	0.3145885	0.11291278
GCG	0.15940496	0.11520383	0.32474489
GCT	0.25814298	0.28194171	-0.08818673
GGA	0.28313927	0.31900541	-0.11926917
GGC	0.31418868	0.2426857	0.25822651
GGG	0.24574563	0.2713154	-0.09898501
GGT	0.15692641	0.16699349	-0.06217786
GTA	0.12443469	0.14620021	-0.16119598
GTC	0.22571979	0.23188748	-0.02695789
GTG	0.46012627	0.37856045	0.19512518
GTT	0.18971925	0.24335185	-0.24896299
TAA	0.24714081	0.2496426	-0.01007204
TAC	0.54968525	0.46582031	0.16554588
TAG	0.18263045	0.21658327	-0.17051038
TAT	0.45031475	0.53417969	-0.1707855
TCA	0.15711136	0.18880877	-0.18377985
TCC	0.20837927	0.20236516	0.02928604
TCG	0.0719891	0.05434093	0.281237
TCT	0.18587457	0.20530718	-0.09943521
TGA	0.57022873	0.53377412	0.06606481
TGC	0.5894237	0.54254972	0.08286555
TGG	1.0	1.0	0.0
TGT	0.4105763	0.45745028	-0.10810642
TTA	0.07228643	0.09638756	-0.28774073
TTC	0.55900356	0.47736132	0.15788215
TTG	0.13825314	0.15637195	-0.12315111
TTT	0.44099644	0.52263868	-0.16985356
