AAA	0.4940507	0.59259259	-0.18186899
AAC	0.43661972	0.47727273	-0.08902548
AAG	0.5059493	0.40740741	0.21662277
AAT	0.56338028	0.52272727	0.074895
ACA	0.36368449	0.36111111	0.00710101
ACC	0.26469031	0.22222222	0.17488263
ACG	0.08152462	0.13888889	-0.5327692
ACT	0.29010058	0.27777778	0.04340625
AGA	0.236671	0.4	-0.52479356
AGC	0.19178585	0.16176471	0.17023651
AGG	0.22236671	0.18571429	0.18011845
AGT	0.1870187	0.07352941	0.93352315
ATA	0.24656782	0.46478873	-0.63394587
ATC	0.2811642	0.12676056	0.79663889
ATG	1.0	1.0	0.0
ATT	0.47226798	0.4084507	0.14517536
CAA	0.31333804	0.68571429	-0.78317845
CAC	0.49556541	0.29268293	0.52660948
CAG	0.68666196	0.31428571	0.78153964
CAT	0.50443459	0.70731707	-0.33804086
CCA	0.36321956	0.42105263	-0.14775034
CCC	0.23790117	0.13157895	0.59224828
CCG	0.09322466	0.02631579	1.26484314
CCT	0.30565461	0.42105263	-0.3203021
CGA	0.11703511	0.32857143	-1.03228028
CGC	0.16059818	0.01428571	2.41964573
CGG	0.16775033	0.05714286	1.0769223
CGT	0.09557867	0.01428571	1.90068994
CTA	0.08364366	0.21311475	-0.93526512
CTC	0.15010026	0.12295082	0.19951903
CTG	0.30191922	0.09016393	1.20853004
CTT	0.17015182	0.24590164	-0.36824052
GAA	0.51942646	0.81355932	-0.4486936
GAC	0.42361534	0.21052632	0.69921515
GAG	0.48057354	0.18644068	0.94686715
GAT	0.57638466	0.78947368	-0.31459125
GCA	0.2803653	0.60683761	-0.77216783
GCC	0.33105023	0.26495726	0.22270159
GCG	0.08310502	0.02564103	1.17591131
GCT	0.30547945	0.1025641	1.09139454
GGA	0.29665072	0.5	-0.52205268
GGC	0.28181818	0.23529412	0.18042581
GGG	0.18755981	0.20588235	-0.09320711
GGT	0.23397129	0.05882353	1.38065647
GTA	0.1529202	0.23529412	-0.43092009
GTC	0.16941596	0.03921569	1.46328007
GTG	0.38921088	0.43137255	-0.1028508
GTT	0.28845296	0.29411765	-0.01944783
TAA	0.28787879	0.13636364	0.74721438
TAC	0.51535509	0.72413793	-0.34012573
TAG	0.25757576	0.45454545	-0.56798402
TAT	0.48464491	0.27586207	0.56351548
TCA	0.18518519	0.27941176	-0.41133018
TCC	0.18958563	0.10294118	0.61068304
TCG	0.03593693	0.27941176	-2.05092108
TCT	0.21048772	0.10294118	0.71526956
TGA	0.45454545	0.40909091	0.1053605
TGC	0.45478723	0.72222222	-0.46250319
TGG	1.0	1.0	0.0
TGT	0.54521277	0.27777778	0.67435468
TTA	0.13921512	0.1147541	0.19322878
TTC	0.48835462	0.54545455	-0.11057766
TTG	0.15496992	0.21311475	-0.31859972
TTT	0.51164538	0.45454545	0.11833386
