AAA	0.38721297	0.52965661	-0.31325404
AAC	0.61800948	0.48634812	0.23957913
AAG	0.61278703	0.47034339	0.26455441
AAT	0.38199052	0.51365188	-0.29614997
ACA	0.27212682	0.4181338	-0.42953327
ACC	0.3665786	0.24207746	0.4149552
ACG	0.11558785	0.07746479	0.40020734
ACT	0.24570674	0.26232394	-0.06544144
AGA	0.2409188	0.41754671	-0.54993647
AGC	0.25937934	0.16262976	0.46681542
AGG	0.20673077	0.33306255	-0.47691299
AGT	0.11764706	0.18141374	-0.43309115
ATA	0.15721844	0.30393325	-0.65917193
ATC	0.51398337	0.32777116	0.44987523
ATG	1.0	1.0	0.0
ATT	0.32879819	0.36829559	-0.11344169
CAA	0.29550321	0.39030303	-0.27824374
CAC	0.59807074	0.54447439	0.09388813
CAG	0.70449679	0.60969697	0.14452171
CAT	0.40192926	0.45552561	-0.12517584
CCA	0.28175896	0.3010118	-0.06609751
CCC	0.29478827	0.26644182	0.10110146
CCG	0.11780673	0.07925801	0.39633692
CCT	0.30564604	0.35328836	-0.14485691
CGA	0.1207265	0.05523964	0.78184685
CGC	0.17521368	0.05442729	1.16914058
CGG	0.17254274	0.07473599	0.8366832
CGT	0.08386752	0.06498781	0.2550387
CTA	0.06549671	0.13443396	-0.71907316
CTC	0.2306487	0.16792453	0.31738112
CTG	0.40050141	0.22924528	0.55792477
CTT	0.11814478	0.17688679	-0.4035991
GAA	0.44056651	0.52669903	-0.17856786
GAC	0.55988024	0.48832685	0.13673795
GAG	0.55943349	0.47330097	0.16719316
GAT	0.44011976	0.51167315	-0.15063917
GCA	0.22710104	0.33201581	-0.37978756
GCC	0.37016053	0.26284585	0.34236904
GCG	0.12228517	0.07411067	0.50079626
GCT	0.28045326	0.33102767	-0.16579489
GGA	0.29365854	0.34541063	-0.16231628
GGC	0.3297561	0.21256039	0.43912715
GGG	0.21170732	0.24235105	-0.13518254
GGT	0.16487805	0.19967794	-0.19149966
GTA	0.10153358	0.19150943	-0.63454747
GTC	0.26335272	0.2254717	0.15529962
GTG	0.45478583	0.33207547	0.31446434
GTT	0.18032787	0.2509434	-0.33045072
TAA	0.25714286	0.27532468	-0.06831925
TAC	0.60972973	0.46373626	0.27369981
TAG	0.25454545	0.30649351	-0.18571718
TAT	0.39027027	0.53626374	-0.31778659
TCA	0.12783696	0.1962432	-0.428599
TCC	0.2274201	0.18932279	0.18334553
TCG	0.07596109	0.04399407	0.54616638
TCT	0.19175544	0.22639644	-0.16606681
TGA	0.48831169	0.41818182	0.1550376
TGC	0.58714044	0.43088418	0.30942471
TGG	1.0	1.0	0.0
TGT	0.41285956	0.56911582	-0.32097648
TTA	0.05233469	0.12075472	-0.83610194
TTC	0.55405405	0.43288996	0.24677868
TTG	0.13287371	0.17075472	-0.25082901
TTT	0.44594595	0.56711004	-0.2403556
